t             ,x             ,y             ,z             
31115942216000,  0.1210924411,  0.0629628158, -0.1206003889
31115970296000,  0.0011645376,  0.1858905651, -0.2066606102
31115982012000, -0.1500596192,  0.3162050282, -0.2679398444
31116002462000, -0.3122223123,  0.4332805988, -0.2868581021
31116022034000, -0.4629278067,  0.5177997048, -0.2535183608
31116042034000, -0.5823463983,  0.5562018756, -0.1691198996
31116062129000, -0.6568290188,  0.5438847222, -0.0467904196
31116082011000, -0.6812909273,  0.4868292114,  0.0901842809
31116102127000, -0.6597147541,  0.4009961864,  0.2126493180
31116122532000, -0.6039115147,  0.3093098699,  0.2912253831
31116145154000, -0.5307919519,  0.2368530926,  0.3025243540
31116162867000, -0.4576824213,  0.2052292002,  0.2347019947
31116182101000, -0.3987592316,  0.2271829898,  0.0908409056
31116202159000, -0.3619924334,  0.3027347284, -0.1107298556
31116222021000, -0.3472445850,  0.4173220789, -0.3393759993
31116242004000, -0.3464165845,  0.5430383872, -0.5577256808
31116261992000, -0.3454296509,  0.6429367801, -0.7288755790
31116282316000, -0.3274243469,  0.6772444190, -0.8237943933
31116303536000, -0.2762621006,  0.6104288804, -0.8273675109
31116322307000, -0.1798126553,  0.4176642012, -0.7419377248
31116342299000, -0.0321446210,  0.0894255944, -0.5874931899
31116361999000,  0.1655010472, -0.3668650249, -0.3981945693
31116382789000,  0.4053177407, -0.9284376816, -0.2161304255
31116403362000,  0.6745896438, -1.5615722458, -0.0836790056
31116422017000,  0.9578952867, -2.2274171418, -0.0358114674
31116442002000,  1.2392048057, -2.8888178346, -0.0937343776
31116461986000,  1.5036996207, -3.5162311346, -0.2613673036
31116482764000,  1.7385646600, -4.0914934756, -0.5250710226
31116502882000,  1.9325773512, -4.6084537179, -0.8567271612
31116522337000,  2.0755251676, -5.0707007192, -1.2190519599
31116542076000,  2.1576464689, -5.4869670025, -1.5722180736
31116562449000,  2.1693683216, -5.8655856941, -1.8801828399
31116581982000,  2.1021148214, -6.2090486435, -2.1154982401
31116602169000,  1.9500743104, -6.5106253596, -2.2620420002
31116622044000,  1.7127747808, -6.7534824159, -2.3151013227
31116641999000,  1.3976164125, -6.9130309875, -2.2795207871
31116661986000,  1.0220411520, -6.9618787582, -2.1661148789
31116682004000,  0.6135648229, -6.8762557316, -1.9874469095
31116703312000,  0.2075347915, -6.6425422976, -1.7549412050
31116722172000, -0.1572546103, -6.2621536658, -1.4775331440
31116742144000, -0.4446633893, -5.7536549182, -1.1621012632
31116762082000, -0.6276811645, -5.1510552950, -0.8156646794
31116782022000, -0.6947758526, -4.4986964499, -0.4478501845
31116803277000, -0.6540048210, -3.8445142399, -0.0733102559
31116822012000, -0.5335008142, -3.2319139259,  0.2871439491
31116841992000, -0.3779572594, -2.6924282075,  0.6074597796
31116861987000, -0.2412723145, -2.2409306707,  0.8593876966
31116882021000, -0.1765291889, -1.8745107154,  1.0172629558
31116903286000, -0.2250167466, -1.5752929161,  1.0634538697
31116922017000, -0.4065713195, -1.3165049901,  0.9931833361
31116942089000, -0.7134002826, -1.0704992631,  0.8174769237
31116961986000, -1.1089161452, -0.8167243808,  0.5631661158
31116982016000, -1.5324454300, -0.5475101881,  0.2693240202
31117004364000, -1.9096135573, -0.2705262773, -0.0183800363
31117022184000, -2.1667357959, -0.0075745301, -0.2552927336
31117042146000, -2.2463195387,  0.2110579867, -0.4058347860
31117062121000, -2.1203554148,  0.3541893755, -0.4499312248
31117082014000, -1.7984063886,  0.3987812959, -0.3875249880
31117103262000, -1.3305015291,  0.3380093276, -0.2390958715
31117122019000, -0.8004355365,  0.1856618376, -0.0415092867
31117141997000, -0.3129739735, -0.0238692059,  0.1594245694
31117161987000,  0.0240828306, -0.2405717254,  0.3175089511
31117182046000,  0.1197038068, -0.4076203359,  0.3947662839
31117203592000, -0.0824960429, -0.4724794027,  0.3684713423
31117222307000, -0.5919843639, -0.3975286391,  0.2350479026
31117242302000, -1.3673124366, -0.1681038803,  0.0097039387
31117262121000, -2.3214438068,  0.2040036326, -0.2779029670
31117282022000, -3.3352100229,  0.6825492180, -0.5900931091
31117303311000, -4.2767474093,  1.2139558710, -0.8887177869
31117322166000, -5.0237067990,  1.7379057692, -1.1424670935
31117342147000, -5.4842660335,  2.1994005869, -1.3323113179
31117362121000, -5.6119543471,  2.5594390540, -1.4534196882
31117382024000, -5.4125714128,  2.8018127412, -1.5136713783
31117403354000, -4.9413991045,  2.9349212104, -1.5294133974
31117422169000, -4.2914621776,  2.9876555851, -1.5195171775
31117442149000, -3.5750833380,  3.0002968027, -1.4995951513
31117462511000, -2.9023561669,  3.0126498447, -1.4778686585
31117482307000, -2.3608429567,  3.0523064429, -1.4535933294
31117502289000, -2.0003316277,  3.1255304331, -1.4185411820
31117522296000, -1.8254995873,  3.2134472484, -1.3610988020
31117542007000, -1.7980730960,  3.2750755410, -1.2717434505
31117562131000, -1.8473250132,  3.2562121571, -1.1481954898
31117582176000, -1.8868157423,  3.1026283358, -0.9987670891
31117602169000, -1.8337296037,  2.7749097011, -0.8425799423
31117622011000, -1.6273327023,  2.2616553947, -0.7064465959
31117641994000, -1.2422385347,  1.5879536406, -0.6186805413
31117662127000, -0.6940431958,  0.8165047657, -0.6013317182
31117682086000, -0.0365680614,  0.0407185311, -0.6626626666
31117702166000,  0.6487059756, -0.6292502816, -0.7918663879
31117722009000,  1.2688910857, -1.0855792978, -0.9580692508
31117741992000,  1.7378272264, -1.2428074040, -1.1140330842
31117762131000,  1.9925642199, -1.0553208524, -1.2046830354
31117782164000,  2.0054802534, -0.5283149719, -1.1782856385
31117802166000,  1.7887605247,  0.2799303332, -0.9981248431
31117822011000,  1.3910725180,  1.2653262767, -0.6528931697
31117841994000,  0.8870908630,  2.2940107008, -0.1626512663
31117862131000,  0.3628429014,  3.2239590514,  0.4212543467
31117882167000, -0.1004810559,  3.9288842081,  1.0226097695
31117902957000, -0.4412816323,  4.3195513769,  1.5529459921
31117922067000, -0.6277375322,  4.3580032575,  1.9271829619
31117942351000, -0.6614228245,  4.0631737460,  2.0797418170
31117961987000, -0.5741004792,  3.5065553048,  1.9778318569
31117982014000, -0.4188361671,  2.7985118866,  1.6289599200
31118002021000, -0.2574829659,  2.0680764912,  1.0809692693
31118022017000, -0.1472306541,  1.4399724917,  0.4143920923
31118041996000, -0.1291785806,  1.0131464850, -0.2716368253
31118062169000, -0.2207306484,  0.8446774861, -0.8774477069
31118082174000, -0.4134031227,  0.9421125326, -1.3211526109
31118102157000, -0.6763454710,  1.2653032924, -1.5535501395
31118122011000, -0.9643218044,  1.7365473392, -1.5658431838
31118142004000, -1.2282620392,  2.2572507461, -1.3897079203
31118162144000, -1.4260055492,  2.7278034480, -1.0893048445
31118182204000, -1.5301515708,  3.0663411597, -0.7472313163
31118202171000, -1.5325769198,  3.2236446341, -0.4477334656
31118222012000, -1.4451274586,  3.1910227741, -0.2592705346
31118242049000, -1.2952436441,  3.0000514848, -0.2209793639
31118262042000, -1.1189467034,  2.7143705705, -0.3356312792
31118282029000, -0.9526129166,  2.4158722982, -0.5708897287
31118302341000, -0.8253725546,  2.1878174546, -0.8679692094
31118322022000, -0.7538714561,  2.0983622813, -1.1555822749
31118341996000, -0.7400716815,  2.1876359032, -1.3661839041
31118362309000, -0.7727447082,  2.4604831618, -1.4512327924
31118382314000, -0.8319269581,  2.8861028605, -1.3920519538
31118402301000, -0.8944199775,  3.4043870085, -1.2032462010
31118422014000, -0.9394262656,  3.9373225779, -0.9287540254
31118441996000, -0.9530531149,  4.4030242700, -0.6316696921
31118462136000, -0.9304537491,  4.7299011336, -0.3798010298
31118482171000, -0.8754199448,  4.8680523852, -0.2299638971
31118502159000, -0.7976406958,  4.7963151096, -0.2150347295
31118522162000, -0.7090394206,  4.5240993441, -0.3360840016
31118542004000, -0.6195364572,  4.0875280058, -0.5615099902
31118562242000, -0.5339435525,  3.5412978712, -0.8333927357
31118582177000, -0.4506607199,  2.9481355387, -1.0796538243
31118602164000, -0.3626008801,  2.3676845992, -1.2294066044
31118622007000, -0.2601474089,  1.8465437740, -1.2279940996
31118641996000, -0.1350111248,  1.4123420448, -1.0490838275
31118662137000,  0.0157259658,  1.0715555367, -0.7007578546
31118682219000,  0.1866145281,  0.8110537268, -0.2245775038
31118702164000,  0.3634696617,  0.6028306647,  0.3119326201
31118722161000,  0.5250011122,  0.4107791066,  0.8279161107
31118742147000,  0.6465261930,  0.1984043775,  1.2440312814
31118762577000,  0.7054776614, -0.0646582618,  1.4970241843
31118783321000,  0.6868328233, -0.3980183578,  1.5506221780
31118802537000,  0.5872520863, -0.8083522156,  1.4012220583
31118822021000,  0.4170078419, -1.2897821679,  1.0771534442
31118841996000,  0.1991414296, -1.8264019383,  0.6319277596
31118862132000, -0.0344629833, -2.3959166836,  0.1334854979
31118882166000, -0.2490390207, -2.9736238869, -0.3486544186
31118902172000, -0.4135612803, -3.5358344666, -0.7549212426
31118922014000, -0.5070216092, -4.0621811808, -1.0445110185
31118941994000, -0.5228494567, -4.5364955989, -1.1999557513
31118962147000, -0.4704116917, -4.9464868077, -1.2268189856
31118982169000, -0.3728006284, -5.2827489536, -1.1493922707
31119005576000, -0.2617516621, -5.5370464766, -1.0036826410
31119022019000, -0.1710347072, -5.7015561921, -0.8289527715
31119041996000, -0.1291792028, -5.7690070192, -0.6603965116
31119062134000, -0.1534100796, -5.7333994308, -0.5238758257
31119082172000, -0.2460364756, -5.5913130585, -0.4335002460
31119102162000, -0.3942718254, -5.3436316861, -0.3920476693
31119122011000, -0.5733479417, -4.9970358453, -0.3934333041
31119141994000, -0.7521970384, -4.5648371053, -0.4263290693
31119162151000, -0.9005056878, -4.0666869375, -0.4777688656
31119182217000, -0.9954433495, -3.5271540345, -0.5358906441
31119202181000, -1.0265324265, -2.9731263901, -0.5915071561
31119222024000, -0.9978710808, -2.4305245932, -0.6383089991
31119242032000, -0.9268320552, -1.9213311449, -0.6715655168
31119262046000, -0.8400646750, -1.4613583499, -0.6871228437
31119282021000, -0.7674075931, -1.0592132058, -0.6806349545
31119302129000, -0.7343528807, -0.7166205694, -0.6486841460
31119322016000, -0.7564460667, -0.4299866062, -0.5910005407
31119341996000, -0.8357633464, -0.1931481414, -0.5121808278
31119362146000, -0.9605100454, -0.0001321482, -0.4230636544
31119382179000, -1.1077528142,  0.1521187802, -0.3412992772
31119402184000, -1.2491271931,  0.2620903623, -0.2904192081
31119422004000, -1.3577224450,  0.3233955330, -0.2961564867
31119442006000, -1.4146760980,  0.3261122258, -0.3809613477
31119463521000, -1.4140957904,  0.2595225447, -0.5577746287
31119482011000, -1.3651756150,  0.1156151115, -0.8244303516
31119502006000, -1.2908697397, -0.1076480481, -1.1603232856
31119522162000, -1.2229396125, -0.4032323617, -1.5255052580
31119542104000, -1.1946039287, -0.7537664816, -1.8642557047
31119563217000, -1.2326176733, -1.1322960652, -2.1130172640
31119582016000, -1.3496840191, -1.5045320938, -2.2110840231
31119601994000, -1.5402816923, -1.8328807591, -2.1123644011
31119621992000, -1.7795343547, -2.0811659348, -1.7958574311
31119642011000, -2.0262434183, -2.2193172481, -1.2728216982
31119663254000, -2.2289975511, -2.2271648032, -0.5887677803
31119682017000, -2.3347514989, -2.0968019649,  0.1806841243
31119701996000, -2.2979482623, -1.8330567030,  0.9396720752
31119721982000, -2.0884301793, -1.4523407311,  1.5864155633
31119742001000, -1.6967077594, -0.9803393826,  2.0295952687
31119763536000, -1.1354719659, -0.4490433919,  2.2036428243
31119782312000, -0.4377149871,  0.1067187809,  2.0804006348
31119802302000,  0.3485754903,  0.6520693356,  1.6748099218
31119822006000,  1.1681448536,  1.1538420452,  1.0432602390
31119842017000,  1.9668163914,  1.5816485304,  0.2748013895
31119863327000,  2.6985368514,  1.9084895465, -0.5232161989
31119882171000,  3.3303493003,  2.1117756285, -1.2427151297
31119902161000,  3.8445520085,  2.1745942102, -1.7922980681
31119922001000,  4.2376955630,  2.0876431467, -2.1116332288
31119941927000,  4.5171353049,  1.8517837821, -2.1800877820
31119963566000,  4.6962754491,  1.4807632842, -2.0182359728
31119982012000,  4.7895314480,  1.0031343713, -1.6823082006
31120002432000,  4.8081459220,  0.4623456490, -1.2527295791
31120021996000,  4.7582648814, -0.0854041291, -0.8183666220
31120041999000,  4.6408102455, -0.5762202149, -0.4597138308
31120063552000,  4.4533342662, -0.9466098189, -0.2346342676
31120082007000,  4.1930222966, -1.1433143130, -0.1687196183
31120101992000,  3.8603650875, -1.1334440082, -0.2522092050
31120121981000,  3.4625877928, -0.9125866521, -0.4435434457
31120142149000,  3.0151947314, -0.5094929809, -0.6783362684
31120163949000,  2.5419344007,  0.0137874485, -0.8827668995
31120182014000,  2.0727829902,  0.5683942265, -0.9883458330
31120201994000,  1.6403518032,  1.0509081828, -0.9451235689
31120221986000,  1.2754086456,  1.3597959690, -0.7311764220
31120242309000,  1.0024386168,  1.4134757772, -0.3566074508
31120263961000,  0.8360482196,  1.1668014604,  0.1384986942
31120282016000,  0.7787529931,  0.6227850257,  0.6916840399
31120301997000,  0.8205588774, -0.1632188526,  1.2298113849
31120321981000,  0.9404629058, -1.0880819081,  1.6823165133
31120342459000,  1.1091696417, -2.0143072214,  1.9940176618
31120363956000,  1.2925737559, -2.7904934093,  2.1351848555
31120382016000,  1.4556509387, -3.2764742859,  2.1069329580
31120402001000,  1.5661301813, -3.3676652893,  1.9408933007
31120421989000,  1.5978811663, -3.0148485964,  1.6930736570
31120442677000,  1.5341349327, -2.2353881946,  1.4318939563
31120463566000,  1.3686975963, -1.1134051945,  1.2242418508
31120482489000,  1.1069025607,  0.2120151369,  1.1216931954
31120502059000,  0.7657666408,  1.5677707351,  1.1489025908
31120522122000,  0.3730740204,  2.7741102145,  1.2958547197
31120542982000, -0.0349147420,  3.6737249447,  1.5164536447
31120562006000, -0.4166804548,  4.1572312227,  1.7340140158
31120582022000, -0.7301885376,  4.1807186050,  1.8529748752
31120602004000, -0.9388141713,  3.7719116691,  1.7752493646
31120621981000, -1.0176891137,  3.0236288570,  1.4185815004
31120641946000, -0.9597860370,  2.0763162383,  0.7342232043
31120663544000, -0.7803487363,  1.0926723676, -0.2790769288
31120682014000, -0.5189330839,  0.2286642674, -1.5679096684
31120701994000, -0.2364768612, -0.3932781902, -3.0264428877
31120721979000, -0.0102411542, -0.7042607497, -4.5065030230
31120742021000,  0.0761751727, -0.6983087946, -5.8360959957
31120763647000, -0.0546524894, -0.4296465276, -6.8434903251
31120782306000, -0.4600086673,  0.0012101995, -7.3833207209
31120802294000, -1.1639716478,  0.4697079972, -7.3604382889
31120822009000, -2.1478684521,  0.8534772944, -6.7475937360
31120842022000, -3.3462749339,  1.0571877866, -5.5935385776
31120863594000, -4.6501023316,  1.0310879507, -4.0195642875
31120882012000, -5.9168794716,  0.7798315357, -2.2046501891
31120902004000, -6.9878723704,  0.3602342873, -0.3610499953
31120921984000, -7.7095388819, -0.1314455922,  1.2962332108
31120942014000, -7.9561433878, -0.5803339069,  2.5811416343
31120963272000, -7.6495788353, -0.8776844110,  3.3640756723
31120982014000, -6.7738662372, -0.9442591929,  3.5906032332
31121002342000, -5.3809007142, -0.7474626450,  3.2880420512
31121021987000, -3.5860875840, -0.3093512507,  2.5589421816
31121042021000, -1.5545587408,  0.2964228676,  1.5619627313
31121063271000,  0.5205405437,  0.9581159213,  0.4839196588
31121082177000,  2.4442420555,  1.5471540842, -0.4922954134
31121102151000,  4.0461885789,  1.9429553745, -1.2185997897
31121122009000,  5.2031093439,  2.0566722258, -1.6055389342
31121142022000,  5.8540645169,  1.8490797714, -1.6345341848
31121163551000,  6.0054473814,  1.3395255339, -1.3564906929
31121182014000,  5.7255047754,  0.6033902009, -0.8777629118
31121201999000,  5.1295652216, -0.2409759675, -0.3359818095
31121221979000,  4.3582856799, -1.0537189755,  0.1293353543
31121242014000,  3.5542665411, -1.6986866998,  0.4052742797
31121263537000,  2.8398928063, -2.0683794147,  0.4285344030
31121282009000,  2.3005678491, -2.1045511889,  0.1973121957
31121301996000,  1.9760436553, -1.8097066137, -0.2297338288
31121321979000,  1.8606395055, -1.2473195950, -0.7469327063
31121342017000,  1.9117223408, -0.5309201155, -1.2247359499
31121363961000,  2.0639157996,  0.1958557211, -1.5377116233
31121382014000,  2.2459513624,  0.7850811879, -1.5915383198
31121401997000,  2.3963660397,  1.1113235344, -1.3434493124
31121421986000,  2.4748795880,  1.0948461486, -0.8117186769
31121442021000,  2.4676448858,  0.7171612786, -0.0724176019
31121463551000,  2.3854279362,  0.0260847609,  0.7558977879
31121482016000,  2.2555242379, -0.8704595295,  1.5369019134
31121501999000,  2.1103187406, -1.8219808458,  2.1453131050
31121522119000,  1.9749397535, -2.6601039330,  2.4933541219
31121542007000,  1.8580619372, -3.2267328541,  2.5491567533
31121563531000,  1.7479681141, -3.4003923476,  2.3422671178
31121582016000,  1.6140127853, -3.1172864542,  1.9568075443
31121601992000,  1.4144885277, -2.3826634649,  1.5127949923
31121621981000,  1.1095085657, -1.2712943600,  1.1388499957
31121642026000,  0.6742733673,  0.0838361579,  0.9416894160
31121663261000,  0.1107137665,  1.5117488497,  0.9796605264
31121682014000, -0.5463489631,  2.8298518044,  1.2465820636
31121701997000, -1.2302925925,  3.8722064172,  1.6686369010
31121721977000, -1.8519626266,  4.5145685095,  2.1159200353
31121742022000, -2.3158235005,  4.6921786704,  2.4265974352
31121763551000, -2.5400100586,  4.4084939563,  2.4401333069
31121782167000, -2.4757795644,  3.7326698008,  2.0324912767
31121802149000, -2.1226406687,  2.7862109731,  1.1454292940
31121822122000, -1.5355537978,  1.7221243940, -0.1950400612
31121842019000, -0.8214257444,  0.6998086250, -1.8757146434
31121863559000, -0.1254524634, -0.1401165582, -3.7099698016
31121882022000,  0.3916309529, -0.6965679049, -5.4658719336
31121901999000,  0.5818624370, -0.9212396011, -6.9039164996
31121921979000,  0.3382686182, -0.8223055464, -7.8175651527
31121942014000, -0.3820061667, -0.4584160343, -8.0689800000
31121963529000, -1.5441553142,  0.0755907615, -7.6132740686
31121982016000, -3.0354206334,  0.6680649016, -6.5068865505
31122002857000, -4.6776678378,  1.2111580338, -4.8986926280
31122021984000, -6.2521447543,  1.6198278100, -3.0054532166
31122042022000, -7.5325431431,  1.8446617374, -1.0759373938
31122063561000, -8.3201704998,  1.8769411655,  0.6495661588
31122082016000, -8.4751757116,  1.7451760529,  1.9768313539
31122101994000, -7.9392081157,  1.5047640876,  2.7857421337
31122121979000, -6.7449116696,  1.2230524338,  3.0443544802
31122142024000, -5.0106642424,  0.9628378777,  2.8070513149
31122163547000, -2.9219660771,  0.7681439083,  2.1976416632
31122182011000, -0.7025323457,  0.6550831861,  1.3819007864
31122201999000,  1.4194710746,  0.6098982645,  0.5347467022
31122221977000,  3.2445714462,  0.5943128772, -0.1919219443
31122242051000,  4.6289187595,  0.5567572960, -0.6944389098
31122262006000,  5.5004428837,  0.4468905408, -0.9307379798
31122282019000,  5.8621157261,  0.2303486040, -0.9203413572
31122301996000,  5.7825922356, -0.1003538015, -0.7324641015
31122321974000,  5.3771135418, -0.5208833293, -0.4650358392
31122342016000,  4.7824010571, -0.9779357146, -0.2199208060
31122363946000,  4.1313654592, -1.3989332447, -0.0793378995
31122382022000,  3.5315112860, -1.7073788732, -0.0881118540
31122402014000,  3.0511627126, -1.8409616707, -0.2454422836
31122422016000,  2.7151441915, -1.7676334115, -0.5078260805
31122442021000,  2.5099930074, -1.4961344452, -0.8012561931
31122463547000,  2.3961569987, -1.0783820684, -1.0396640712
31122482011000,  2.3239296592, -0.6026835637, -1.1457718447
31122501996000,  2.2492461767, -0.1784159020, -1.0693129338
31122522146000,  2.1456032546,  0.0851991471, -0.7986080043
31122542002000,  2.0095279454,  0.1020611394, -0.3633210940
31122563519000,  1.8589629743, -0.1705801153,  0.1722002194
31122582016000,  1.7251003925, -0.7190112408,  0.7231960481
31122601992000,  1.6401365634, -1.4700522189,  1.2038192815
31122621972000,  1.6247052813, -2.3000704776,  1.5468682545
31122642021000,  1.6779349498, -3.0547013985,  1.7190967509
31122663524000,  1.7730626067, -3.5757023416,  1.7291802154
31122682017000,  1.8604664759, -3.7298123077,  1.6256025032
31122701997000,  1.8771903275, -3.4350673291,  1.4848956930
31122721984000,  1.7610004403, -2.6788394732,  1.3934313692
31122742017000,  1.4665290221, -1.5238744160,  1.4262285175
31122763259000,  0.9796556819, -0.1012431944,  1.6263952563
31122782014000,  0.3255663676,  1.4095043442,  1.9901376380
31122801989000, -0.4306747848,  2.8093402589,  2.4612889543
31122821984000, -1.1923367398,  3.9128991744,  2.9367999953
31122842022000, -1.8473093465,  4.5795849290,  3.2827768790
31122863934000, -2.2895858735,  4.7369174314,  3.3586012374
31122882017000, -2.4414745332,  4.3918220816,  3.0447121383
31122902004000, -2.2724668268,  3.6286029749,  2.2693390876
31122921984000, -1.8105582395,  2.5929163000,  1.0287551438
31122942017000, -1.1421091234,  1.4651672537, -0.6045731007
31122963611000, -0.4015626823,  0.4283286904, -2.4861579686
31122982017000,  0.2490994102, -0.3635894500, -4.4166201378
31123002126000,  0.6470500539, -0.8109022023, -6.1695040217
31123021989000,  0.6576089429, -0.8826192680, -7.5252420095
31123042044000,  0.2002817841, -0.6176027175, -8.3057973567
31123063617000, -0.7334904804, -0.1124853865, -8.4040164331
31123082016000, -2.0740788914,  0.5005333016, -7.8020589203
31123101996000, -3.6799924230,  1.0813639516, -6.5761395592
31123121982000, -5.3569284984,  1.5098835439, -4.8854579357
31123142017000, -6.8848177658,  1.7081207280, -2.9483241425
31123163586000, -8.0507773615,  1.6532481328, -1.0090505593
31123181937000, -8.6809004224,  1.3786997052,  0.6994441104
31123201994000, -8.6662967658,  0.9629446642,  1.9902332839
31123221984000, -7.9786857529,  0.5094328560,  2.7486700693
31123242016000, -6.6733798964,  0.1220295109,  2.9462802464
31123263159000, -4.8802035787, -0.1185312707,  2.6397010447
31123282014000, -2.7832193247, -0.1725111228,  1.9558091979
31123301994000, -0.5929380747, -0.0493173086,  1.0654361403
31123321991000,  1.4828673705,  0.1956265144,  0.1512778962
31123342019000,  3.2665102605,  0.4743157014, -0.6243304384
31123362321000,  4.6315237560,  0.6870338812, -1.1459922683
31123382012000,  5.5141136214,  0.7460883292, -1.3615488136
31123402006000,  5.9145349252,  0.5967762743, -1.2860164307
31123421984000,  5.8887390038,  0.2316869703, -0.9917596424
31123442021000,  5.5326795144, -0.3054876316, -0.5883527436
31123462289000,  4.9627663030, -0.9281805091, -0.1967058234
31123482019000,  4.2957032197, -1.5246012854,  0.0776753991
31123501992000,  3.6318684663, -1.9815955510,  0.1667053824
31123522144000,  3.0444442419, -2.2098024188,  0.0526776017
31123541999000,  2.5747929629, -2.1645700379, -0.2298865126
31123563471000,  2.2344707458, -1.8586063918, -0.6038517381
31123582014000,  2.0122940958, -1.3621587692, -0.9679564654
31123601996000,  1.8840824798, -0.7908229205, -1.2201893378
31123621981000,  1.8223082496, -0.2831733988, -1.2810243000
31123642022000,  1.8038134388,  0.0278400900, -1.1110559926
31123662156000,  1.8137926611,  0.0435580667, -0.7195332457
31123682031000,  1.8456329649, -0.2771584170, -0.1621874877
31123701997000,  1.8977589582, -0.9054938681,  0.4714962034
31123721987000,  1.9682097318, -1.7437006906,  1.0780751881
31123742022000,  2.0487483582, -2.6400921971,  1.5631291689
31123762154000,  2.1209822502, -3.4152707482,  1.8627070194
31123781999000,  2.1558094693, -3.8957003080,  1.9577693957
31123802002000,  2.1163377441, -3.9474214009,  1.8783102716
31123822164000,  1.9651119682, -3.5033320866,  1.6961036410
31123842016000,  1.6737525363, -2.5789377727,  1.5067475959
31123862156000,  1.2315368193, -1.2735793416,  1.4046058614
31123881982000,  0.6521925925,  0.2452236762,  1.4578149851
31123902011000, -0.0230386812,  1.7693441149,  1.6885717182
31123922131000, -0.7278837659,  3.0853434333,  2.0614602027
31123942012000, -1.3790599618,  4.0116508229,  2.4845374751
31123962146000, -1.8897088352,  4.4299842762,  2.8237513687
31123982002000, -2.1848481573,  4.3053267999,  2.9278747239
31124002732000, -2.2178182178,  3.6908787453,  2.6605337590
31124022324000, -1.9822921786,  2.7167076893,  1.9321536215
31124042009000, -1.5185560178,  1.5646461678,  0.7251958297
31124062159000, -0.9121669270,  0.4344446000, -0.8929611716
31124082002000, -0.2842248280, -0.4927689857, -2.7724878135
31124102007000,  0.2258865440, -1.0863781630, -4.6992723744
31124122171000,  0.4827248327, -1.2883238430, -6.4273185054
31124142017000,  0.3783246597, -1.1198314506, -7.7180349348
31124162681000, -0.1469788975, -0.6731101807, -8.3811109427
31124182002000, -1.0916718274, -0.0890903139, -8.3086839977
31124202006000, -2.3869737749,  0.4729534998, -7.4956888100
31124222169000, -3.9027817301,  0.8687545290, -6.0429942137
31124242017000, -5.4632863215,  0.9990211389, -4.1431999679
31124262149000, -6.8709513905,  0.8287837525, -2.0500210946
31124281999000, -7.9347969409,  0.3936302899, -0.0373588983
31124302001000, -8.4975378588, -0.2086290347,  1.6443344114
31124322174000, -8.4589198213, -0.8393007399,  2.8070697277
31124342017000, -7.7904553832, -1.3484820065,  3.3523103672
31124362166000, -6.5392280261, -1.6065673253,  3.2820822911
31124382056000, -4.8203008812, -1.5320775400,  2.6921323638
31124402496000, -2.7989611602, -1.1099298886,  1.7495287876
31124422022000, -0.6671345395, -0.3961502827,  0.6582393149
31124442067000,  1.3832001177,  0.4916570626, -0.3794771117
31124462052000,  3.1859436162,  1.3973443040, -1.1977612325
31124482059000,  4.6206179841,  2.1551974339, -1.6932602851
31124501957000,  5.6232644392,  2.6221960197, -1.8376761313
31124522012000,  6.1880152049,  2.7057400637, -1.6746919925
31124542167000,  6.3590864081,  2.3820372416, -1.3035430593
31124562139000,  6.2164304025,  1.7001702099, -0.8528709856
31124582004000,  5.8574454991,  0.7723812247, -0.4503763403
31124602022000,  5.3781218796, -0.2475512531, -0.1947042371
31124622167000,  4.8588980426, -1.1944855896, -0.1367603198
31124642017000,  4.3561022146, -1.9232580867, -0.2706887043
31124662161000,  3.8995250357, -2.3365119525, -0.5392132813
31124682031000,  3.4962616411, -2.4030032901, -0.8494232645
31124702036000,  3.1390394039, -2.1621271748, -1.0960570350
31124722164000,  2.8162165709, -1.7151718732, -1.1869543178
31124742017000,  2.5201161400, -1.2038097028, -1.0642084478
31124762159000,  2.2527879729, -0.7805998034, -0.7181142821
31124781996000,  2.0267189742, -0.5777544800, -0.1896179475
31124802021000,  1.8608276408, -0.6791627117,  0.4389298858
31124822162000,  1.7733461776, -1.1016507803,  1.0620106065
31124842011000,  1.7732015441, -1.7899295146,  1.5738619377
31124862149000,  1.8517272648, -2.6262227329,  1.8928002682
31124882002000,  1.9785939906, -3.4513115905,  1.9794564395
31124901956000,  2.1031287588, -4.0940079945,  1.8463050731
31124922157000,  2.1616252899, -4.4035345146,  1.5557699608
31124942012000,  2.0889637931, -4.2790649113,  1.2071730430
31124962167000,  1.8328043579, -3.6895348884,  0.9139280735
31124982004000,  1.3673950965, -2.6803401468,  0.7771750874
31125002091000,  0.7033762411, -1.3668718464,  0.8629136832
31125022344000, -0.1083313402,  0.0848016294,  1.1837259208
31125042024000, -0.9806495154,  1.4869667468,  1.6906554506
31125062156000, -1.8029216788,  2.6624762441,  2.2779456240
31125082007000, -2.4586099099,  3.4749441284,  2.7992196821
31125102029000, -2.8468100773,  3.8499551091,  3.0942240857
31125122166000, -2.9021748245,  3.7853073359,  3.0195075197
31125142019000, -2.6105187843,  3.3474420198,  2.4777642618
31125162146000, -2.0160802091,  2.6552148792,  1.4407227214
31125181999000, -1.2190169923,  1.8545054018, -0.0396669827
31125202019000, -0.3626562026,  1.0891487824, -1.8339537723
31125222166000,  0.3879147114,  0.4740200134, -3.7512168353
31125242017000,  0.8720529192,  0.0750917020, -5.5669177017
31125262147000,  0.9610520175, -0.1000326761, -7.0569162660
31125282006000,  0.5807300631, -0.0991910000, -8.0324911401
31125302016000, -0.2735965822, -0.0107632554, -8.3704539151
31125322167000, -1.5329862625,  0.0594785421, -8.0328931472
31125342019000, -3.0625372611,  0.0148554478, -7.0732318599
31125362147000, -4.6794682325, -0.2078925862, -5.6272037709
31125382002000, -6.1788992587, -0.6219886667, -3.8913356501
31125402022000, -7.3633218902, -1.1844279028, -2.0919294517
31125422167000, -8.0711426248, -1.8025428139, -0.4498261134
31125442014000, -8.1984752633, -2.3525128197,  0.8529584414
31125462147000, -7.7119763894, -2.7050716958,  1.6987400308
31125482004000, -6.6512026619, -2.7528661075,  2.0480714944
31125502021000, -5.1215383425, -2.4358439104,  1.9400422035
31125522162000, -3.2762699292, -1.7578107392,  1.4798046681
31125542159000, -1.2935337389, -0.7906056149,  0.8153716571
31125562141000,  0.6480769644,  0.3353757293,  0.1086074970
31125582004000,  2.3922063841,  1.4523737241, -0.4942605698
31125602027000,  3.8217749353,  2.3848259815, -0.8874179572
31125622162000,  4.8686750618,  2.9816992958, -1.0207888603
31125642017000,  5.5150306203,  3.1452689063, -0.9039251311
31125662151000,  5.7869346897,  2.8506287657, -0.5981485713
31125682002000,  5.7429153009,  2.1516289492, -0.1992640382
31125702026000,  5.4595507219,  1.1720452669,  0.1854672897
31125722156000,  5.0170827447,  0.0834039882,  0.4614943302
31125742017000,  4.4879839315, -0.9268586260,  0.5672025389
31125762147000,  3.9301768006, -1.6908068500,  0.4865537250
31125782001000,  3.3837165304, -2.0914971983,  0.2515126545
31125802021000,  2.8727557725, -2.0852289986, -0.0665078399
31125822159000,  2.4105354158, -1.7095331060, -0.3735425493
31125842017000,  2.0052630651, -1.0755668964, -0.5747097117
31125862144000,  1.6651466512, -0.3460634688, -0.5960012129
31125882067000,  1.4007245075,  0.2975184396, -0.4011069362
31125902019000,  1.2242399808,  0.6909508112, -0.0006969146
31125923662000,  1.1464723483,  0.7207838506,  0.5490089967
31125942017000,  1.1714094011,  0.3485951640,  1.1578250912
31125962164000,  1.2906793630, -0.3795067255,  1.7209205421
31125982127000,  1.4796672672, -1.3399401059,  2.1418117397
31126002071000,  1.6966124026, -2.3538649554,  2.3536831338
31126022014000,  1.8858106446, -3.2204916873,  2.3352223655
31126042022000,  1.9850687643, -3.7550427303,  2.1167129372
31126062164000,  1.9359125454, -3.8239785834,  1.7743424580
31126082126000,  1.6955572377, -3.3707993441,  1.4138909910
31126102019000,  1.2478362833, -2.4273947637,  1.1466621096
31126122162000,  0.6103860718, -1.1094705468,  1.0635724286
31126142026000, -0.1637868524,  0.4040665627,  1.2112955179
31126162144000, -0.9911568320,  1.9033765747,  1.5765552659
31126182116000, -1.7682418938,  3.1847391407,  2.0826642387
31126202016000, -2.3875108984,  4.0862198225,  2.5985607815
31126222164000, -2.7569066250,  4.5145711938,  2.9611172903
31126243626000, -2.8170257248,  4.4579534636,  3.0065407000
31126262051000, -2.5547966943,  3.9831296197,  2.6044398027
31126282244000, -2.0101334234,  3.2180390255,  1.6878319891
31126302021000, -1.2740167479,  2.3232014282,  0.2734825880
31126322234000, -0.4770227164,  1.4580908820, -1.5319784910
31126342017000,  0.2295112289,  0.7498147285, -3.5423967448
31126362517000,  0.6972853272,  0.2700458446, -5.5176618183
31126382509000,  0.8055768846,  0.0248335046, -7.2007740451
31126402016000,  0.4829079461, -0.0409096701, -8.3595650392
31126421997000, -0.2779140982, -0.0256620930, -8.8257352646
31126441991000, -1.4157010823, -0.0442708648, -8.5243988851
31126462409000, -2.8069763215, -0.1979361894, -7.4885246127
31126482336000, -4.2823232038, -0.5479412674, -5.8553899781
31126502011000, -5.6506501217, -1.0982089833, -3.8453755692
31126521991000, -6.7272197754, -1.7908281322, -1.7268592446
31126541996000, -7.3607181008, -2.5158717333,  0.2266530501
31126562551000, -7.4548603572, -3.1333272219,  1.7795613068
31126582334000, -6.9812552565, -3.5026758829,  2.7697410612
31126602011000, -5.9814109143, -3.5138709027,  3.1307494879
31126622001000, -4.5581024150, -3.1132745318,  2.8971984226
31126641984000, -2.8576497359, -2.3188576137,  2.1925809218
31126663264000, -1.0468025946, -1.2210587914,  1.2023730568
31126682347000,  0.7117046268,  0.0312377825,  0.1380306740
31126702011000,  2.2807427005,  1.2563137840, -0.8012847861
31126721996000,  3.5642487608,  2.2725475225, -1.4624053295
31126741987000,  4.5139075985,  2.9319890745, -1.7611776673
31126762144000,  5.1269668844,  3.1481066205, -1.6912855938
31126782164000,  5.4370684816,  2.9118429414, -1.3177652516
31126802012000,  5.5002059371,  2.2928556667, -0.7576586679
31126821997000,  5.3792801465,  1.4255578573, -0.1520056761
31126841989000,  5.1309104338,  0.4829065581,  0.3646666072
31126862329000,  4.7968518653, -0.3573685414,  0.6911338082
31126882499000,  4.4014849707, -0.9469361873,  0.7776476001
31126902021000,  3.9550872507, -1.1952404009,  0.6321420825
31126921997000,  3.4615169238, -1.0861729803,  0.3145738226
31126941982000,  2.9268759165, -0.6799580557, -0.0792317992
31126962331000,  2.3670906904, -0.0999730183, -0.4407668081
31126982166000,  1.8118648710,  0.4929675748, -0.6731810564
31127002069000,  1.3036006608,  0.9337298347, -0.7119090222
31127022007000,  0.8911680428,  1.0872032955, -0.5373136664
31127041994000,  0.6191691301,  0.8765537111, -0.1765534596
31127062179000,  0.5160782503,  0.2997155617,  0.3046003046
31127082171000,  0.5840605475, -0.5679593689,  0.8183513732
31127102014000,  0.7932018682, -1.5862339909,  1.2758385522
31127121977000,  1.0822479767, -2.5751526776,  1.6076823753
31127141991000,  1.3664286585, -3.3481057621,  1.7795451275
31127162261000,  1.5515284630, -3.7464830657,  1.7991384942
31127182167000,  1.5516671758, -3.6693721318,  1.7131412944
31127202019000,  1.3074136698, -3.0928314566,  1.5946445691
31127221996000,  0.8004887962, -2.0749900210,  1.5236437188
31127242041000,  0.0615096288, -0.7460985598,  1.5650080399
31127262031000, -0.8314663619,  0.7140315560,  1.7495361248
31127282326000, -1.7637660444,  2.1070138613,  2.0613957429
31127302026000, -2.6024486432,  3.2499520028,  2.4356394883
31127322147000, -3.2188661906,  4.0052796770,  2.7667459208
31127342007000, -3.5119824850,  4.3024884745,  2.9263310974
31127362322000, -3.4287498853,  4.1469151310,  2.7883645171
31127382306000, -2.9750076568,  3.6140976511,  2.2568758419
31127402012000, -2.2179324582,  2.8315886515,  1.2899213952
31127421996000, -1.2771797337,  1.9516301132, -0.0853263116
31127441989000, -0.3069693564,  1.1204499151, -1.7689809559
31127462314000,  0.5280061340,  0.4499532384, -3.5978525889
31127482312000,  1.0784692024, -0.0023367605, -5.3670054303
31127502017000,  1.2338383926, -0.2416350963, -6.8603577380
31127521979000,  0.9392327405, -0.3308067206, -7.8846841340
31127542004000,  0.2039250480, -0.3730178069, -8.3006384582
31127562144000, -0.9002394641, -0.4857988706, -8.0461335543
31127582162000, -2.2500243806, -0.7718297583, -7.1479122244
31127602009000, -3.6890682729, -1.2921765095, -5.7188917035
31127621994000, -5.0494119282, -2.0478402736, -3.9412471937
31127641989000, -6.1738711716, -2.9734556680, -2.0385765348
31127662314000, -6.9350697371, -3.9445839882, -0.2417217351
31127682302000, -7.2490829915, -4.7982124566,  1.2459795325
31127702017000, -7.0821163278, -5.3625844426,  2.2779105065
31127721994000, -6.4502339529, -5.4907541512,  2.7832526808
31127741979000, -5.4131486852, -5.0914802964,  2.7730572092
31127762172000, -4.0636671323, -4.1515598839,  2.3325731842
31127782159000, -2.5149466792, -2.7443894608,  1.6017365082
31127802016000, -0.8876118951, -1.0226444122,  0.7477684728
31127821994000,  0.7022205819,  0.8035627078, -0.0649390765
31127841991000,  2.1526302209,  2.4998985102, -0.7023002721
31127862321000,  3.3828730016,  3.8465940657, -1.0805416643
31127882302000,  4.3372817861,  4.6758525219, -1.1757335960
31127902016000,  4.9870253631,  4.9008847670, -1.0215191445
31127925679000,  5.3295868181,  4.5308012031, -0.6963666700
31127942011000,  5.3862718495,  3.6686731192, -0.3032225002
31127962186000,  5.1982763064,  2.4927603124,  0.0539462792
31127982166000,  4.8215508320,  1.2239952194,  0.2917944340
31128002677000,  4.3204397196,  0.0861294590,  0.3635643240
31128022002000,  3.7610574864, -0.7346005766,  0.2662432691
31128041992000,  3.2050585654, -1.1223299086,  0.0386905848
31128062174000,  2.7036258016, -1.0512074846, -0.2490423541
31128082167000,  2.2931623895, -0.5878588869, -0.5129673767
31128102014000,  1.9929784907,  0.1237703430, -0.6744295741
31128121994000,  1.8058451236,  0.8920523081, -0.6777030862
31128141989000,  1.7204332346,  1.5166119740, -0.5020883202
31128162192000,  1.7151012437,  1.8282279514, -0.1657641673
31128182171000,  1.7625193528,  1.7221464212,  0.2783819842
31128202016000,  1.8341857761,  1.1793755654,  0.7546727530
31128222001000,  1.9037565593,  0.2711625682,  1.1813711548
31128241991000,  1.9486394381, -0.8540674423,  1.4886325247
31128262384000,  1.9499704410, -1.9985117244,  1.6339101237
31128282331000,  1.8914674636, -2.9521998204,  1.6115132499
31128302016000,  1.7580600815, -3.5323408415,  1.4540819029
31128321994000,  1.5356456876, -3.6172268521,  1.2254420153
31128342067000,  1.2122511180, -3.1680949387,  1.0064056245
31128363622000,  0.7809002857, -2.2353247896,  0.8765148481
31128382019000,  0.2439474626, -0.9483994749,  0.8957420815
31128402071000, -0.3822979557,  0.5085834161,  1.0888513088
31128422057000, -1.0638689558,  1.9304954104,  1.4364205773
31128442061000, -1.7477193376,  3.1270612985,  1.8739262123
31128462192000, -2.3652948764,  3.9547575892,  2.2997845755
31128482092000, -2.8408473431,  4.3381648358,  2.5921678842
31128502029000, -3.1030611476,  4.2774777038,  2.6305212755
31128522142000, -3.0996413928,  3.8413926286,  2.3184295754
31128542159000, -2.8112906073,  3.1480153129,  1.6033039820
31128562512000, -2.2621416701,  2.3379122262,  0.4899733848
31128582296000, -1.5236082110,  1.5454637636, -0.9545401982
31128602017000, -0.7095284309,  0.8742337582, -2.6062943563
31128621996000,  0.0373548345,  0.3809203878, -4.2992986675
31128641991000,  0.5666474826,  0.0706342706, -5.8473068521
31128662171000,  0.7463614171, -0.0965041558, -7.0688310236
31128682169000,  0.4884778747, -0.1899250399, -7.8124661575
31128702019000, -0.2307951083, -0.2883015255, -7.9784194133
31128721992000, -1.3604053285, -0.4590548176, -7.5327075545
31128741987000, -2.7765476831, -0.7423623037, -6.5121114837
31128762184000, -4.2980733140, -1.1423541027, -5.0196934622
31128782161000, -5.7134467861, -1.6270304509, -3.2111709739
31128802034000, -6.8141342998, -2.1365275230, -1.2747463729
31128821994000, -7.4291500521, -2.5967695625,  0.5926958728
31128841986000, -7.4538897920, -2.9351902304,  2.2096200488
31128862172000, -6.8678767987, -3.0951823868,  3.4309217875
31128882164000, -5.7376868041, -3.0460448682,  4.1634101828
31128902017000, -4.2041294938, -2.7859355850,  4.3735872732
31128921991000, -2.4564246118, -2.3392238779,  4.0877712158
31128941989000, -0.6978945309, -1.7491439310,  3.3845931776
31128962076000,  0.8903154812, -1.0681155917,  2.3814049546
31128982172000,  2.1794750199, -0.3481960875,  1.2168746051
31129002584000,  3.1123568041,  0.3661381678,  0.0322388347
31129022004000,  3.7076080984,  1.0410033579, -1.0458473248
31129041979000,  4.0483186706,  1.6524963846, -1.9192381772
31129062171000,  4.2579534109,  2.1833781770, -2.5269178409
31129082136000,  4.4691455854,  2.6188936727, -2.8481779276
31129102016000,  4.7921602989,  2.9437725127, -2.9001885851
31129121994000,  5.2897069481,  3.1420846559, -2.7307026387
31129141987000,  5.9639153560,  3.2002806216, -2.4075899223
31129162757000,  6.7579528203,  3.1128572738, -2.0063960728
31129182174000,  7.5712802198,  2.8888855394, -1.5988473946
31129202014000,  8.2850415486,  2.5571518949, -1.2434535818
31129221992000,  8.7916508221,  2.1675054773, -0.9794846743
31129241982000,  9.0218117290,  1.7870788592, -0.8251143547
31129262314000,  8.9619810883,  1.4913586142, -0.7792487939
31129282304000,  8.6581682634,  1.3503791350, -0.8261398991
31129302014000,  8.2053980695,  1.4136331124, -0.9422467102
31129321994000,  7.7246635786,  1.6971745169, -1.1032186043
31129341986000,  7.3327208918,  2.1760385609, -1.2898917099
31129362306000,  7.1115101784,  2.7843869831, -1.4920696865
31129382297000,  7.0846707426,  3.4243990260, -1.7094506012
31129402017000,  7.2068528255,  3.9827309134, -1.9498494140
31129421999000,  7.3688373766,  4.3516759241, -2.2252149302
31129442006000,  7.4181031404,  4.4506648100, -2.5465845131
31129462199000,  7.1907234601,  4.2436274327, -2.9192409253
31129482162000,  6.5478061773,  3.7479117069, -3.3388105587
31129502022000,  5.4088555848,  3.0321311913, -3.7891328661
31129521994000,  3.7741344428,  2.2031615235, -4.2431865623
31129541999000,  1.7315500828,  1.3846257015, -4.6663039357
31129562139000, -0.5539952916,  0.6913899709, -5.0221671301
31129582162000, -2.8682863134,  0.2054965887, -5.2789340285
31129602014000, -4.9855691242, -0.0411326923, -5.4139954681
31129621991000, -6.7094601889, -0.0727676908, -5.4174397261
31129641982000, -7.9083809071,  0.0363753762, -5.2934851666
31129662179000, -8.5385158998,  0.1801795852, -5.0593108136
31129682169000, -8.6489571768,  0.2464192581, -4.7409708060
31129702017000, -8.3683834145,  0.1448640981, -4.3681210791
31129721976000, -7.8761821468, -0.1688212248, -3.9685357354
31129741982000, -7.3641381548, -0.6791725620, -3.5637115088
31129762164000, -6.9965409945, -1.3105348147, -3.1662406148
31129782169000, -6.8767948113, -1.9403690180, -2.7789206636
31129802004000, -7.0277808430, -2.4248325113, -2.3970921350
31129821992000, -7.3896961635, -2.6306066652, -2.0128743754
31129841982000, -7.8352097754, -2.4660158175, -1.6199604212
31129862311000, -8.1994358031, -1.9049164919, -1.2179319972
31129882297000, -8.3166703342, -0.9971757813, -0.8148727296
31129902011000, -8.0570429442,  0.1368625817, -0.4277491711
31129922004000, -7.3545929605,  1.3274620600, -0.0801471639
31129942006000, -6.2217272526,  2.3880484180,  0.2021888164
31129962159000, -4.7468270559,  3.1526919430,  0.3969881319
31129982164000, -3.0761353813,  3.5103524050,  0.4911491316
31130003222000, -1.3841222921,  3.4285065080,  0.4849862825
31130022004000,  0.1610295067,  2.9610729865,  0.3938584235
31130042279000,  1.4290036280,  2.2387919719,  0.2469224992
31130062174000,  2.3500602881,  1.4431141166,  0.0828458606
31130082169000,  2.9241730020,  0.7691706800, -0.0568327539
31130102002000,  3.2148425301,  0.3856892117, -0.1352925565
31130121999000,  3.3294194614,  0.4003101848, -0.1274362702
31130142319000,  3.3911608821,  0.8378858587, -0.0249364262
31130162201000,  3.5091529886,  1.6358737618,  0.1619419125
31130182164000,  3.7526509789,  2.6582383875,  0.4059168478
31130202004000,  4.1355501672,  3.7248307923,  0.6676351968
31130222529000,  4.6140576182,  4.6499479077,  0.9027793820
31130242161000,  5.0975014875,  5.2815770849,  1.0698127293
31130262044000,  5.4697436388,  5.5329522253,  1.1370887290
31130282032000,  5.6164116911,  5.3998554781,  1.0883628579
31130301991000,  5.4511392801,  4.9595008896,  0.9250916804
31130323051000,  4.9356182451,  4.3512289576,  0.6650194258
31130342157000,  4.0890065973,  3.7435669343,  0.3378967017
31130362019000,  2.9854238951,  3.2947365731, -0.0210287138
31130381992000,  1.7400403178,  3.1154894265, -0.3777961694
31130401987000,  0.4866836617,  3.2417170515, -0.7054922890
31130423609000, -0.6472641193,  3.6231823548, -0.9884895196
31130442474000, -1.5638406073,  4.1319623188, -1.2237026218
31130462012000, -2.2103497767,  4.5881859244, -1.4189817842
31130481996000, -2.5850955051,  4.7980358419, -1.5893722155
31130502011000, -2.7321653028,  4.5959709502, -1.7521399308
31130522076000, -2.7269678008,  3.8823105072, -1.9219164351
31130542322000, -2.6561078022,  2.6482018889, -2.1070726202
31130562162000, -2.5960918342,  0.9825530880, -2.3082441995
31130581997000, -2.5955858974, -0.9405131184, -2.5193969083
31130601989000, -2.6652867292, -2.8915294195, -2.7305549278
31130622164000, -2.7771214022, -4.6271392622, -2.9315541074
31130642339000, -2.8725611041, -5.9352461324, -3.1158096065
31130662014000, -2.8779747217, -6.6738525434, -3.2830733617
31130681996000, -2.7230229606, -6.7969437894, -3.4407777592
31130701992000, -2.3583157298, -6.3619772892, -3.6037920098
31130722181000, -1.7694348794, -5.5177844316, -3.7908167647
31130742351000, -0.9825972287, -4.4755434250, -4.0192531381
31130762014000, -0.0620709037, -3.4696774698, -4.2999891396
31130781992000,  0.9001272653, -2.7154310203, -4.6334664092
31130801987000,  1.7999269957, -2.3716654836, -5.0071864056
31130822179000,  2.5393408219, -2.5156631941, -5.3957800438
31130842334000,  3.0427446922, -3.1339804054, -5.7638071691
31130862021000,  3.2685956257, -4.1306092748, -6.0708566437
31130881996000,  3.2145593254, -5.3497886446, -6.2779983660
31130901992000,  2.9153633837, -6.6077876392, -6.3539531678
31130922176000,  2.4344125116, -7.7275020849, -6.2798965114
31130942331000,  1.8512720360, -8.5691539604, -6.0525466843
31130962014000,  1.2481735882, -9.0511729447, -5.6848678995
31130981996000,  0.6958441296, -9.1583610725, -5.2029627910
31131003132000,  0.2442784429, -8.9365523139, -4.6416666010
31131022187000, -0.0825178053, -8.4762181989, -4.0387189789
31131042342000, -0.2860968734, -7.8893345359, -3.4290459515
31131062017000, -0.3888145211, -7.2846596873, -2.8400944267
31131081997000, -0.4261399654, -6.7465546903, -2.2892408417
31131101986000, -0.4377848709, -6.3214886969, -1.7834353163
31131122307000, -0.4594780627, -6.0142358833, -1.3209988769
31131142511000, -0.5167056011, -5.7933574921, -0.8951531949
31131162022000, -0.6216598896, -5.6037007686, -0.4981755263
31131181994000, -0.7729847234, -5.3826764157, -0.1250967230
31131201986000, -0.9578552625, -5.0766798636,  0.2237394070
31131222169000, -1.1555127397, -4.6539656836,  0.5417672448
31131242347000, -1.3419625961, -4.1112006879,  0.8171570448
31131262019000, -1.4939819278, -3.4729278472,  1.0353974967
31131281994000, -1.5923218247, -2.7851000661,  1.1829416097
31131301987000, -1.6239335014, -2.1042294897,  1.2506580715
31131322307000, -1.5828170103, -1.4851532878,  1.2368299993
31131342399000, -1.4700335777, -0.9702686174,  1.1485063379
31131362017000, -1.2931263796, -0.5824639998,  1.0008077635
31131381992000, -1.0650558347, -0.3228012906,  0.8147528571
31131401992000, -0.8027593121, -0.1731137918,  0.6142319419
31131422182000, -0.5259100213, -0.1021982404,  0.4224807583
31131441999000, -0.2553732444, -0.0744320143,  0.2585362121
31131461994000, -0.0116225438, -0.0580205622,  0.1346833573
31131481979000,  0.1869638472, -0.0313679840,  0.0552148538
31131502001000,  0.3266958542,  0.0143777436,  0.0166756109
31131522022000,  0.4001752283,  0.0758592135,  0.0096881435
